{"cameraMode":{"drawMode":0,"name":"Shaded","section":"Shading Mode"},"sceneLighting":false,"audioPlay":false,"sceneViewState":{"m_AlwaysRefresh":false,"showFog":true,"showSkybox":false,"showFlares":true,"showImageEffects":true,"showParticleSystems":true,"showVisualEffectGraphs":true,"m_FxEnabled":true},"in2DMode":false,"pivot":{"x":2.343240737915039,"y":-0.6915242075920105,"z":0.0003865957260131836},"rotation":{"x":-0.014105403795838356,"y":-0.5186883807182312,"z":-0.008559772744774819,"w":0.8548078536987305},"size":0.1916893571615219,"orthographic":false}